Feature,Importance
Clouds,0.2322928745514693
Battery,0.22262408306573747
Solar,0.2011945767386701
Wind,0.17611634052334055
Temperature,0.09591239813275809
Time,0.07185972698802459
